{
  "label": "Diffusion topology parity round 20260214-211442",
  "reference_root": "/Users/autoparallel/Code/igneous/notes/diffgeo_ops/results/round_20260214-211442/reference",
  "cpp_root": "/Users/autoparallel/Code/igneous/notes/diffgeo_ops/results/round_20260214-211442/cpp",
  "datasets": {
    "torus": {
      "warnings": [],
      "harmonic1_subspace_max_angle_deg": 1.655829345723461,
      "harmonic1_procrustes_rel_error": 0.02893229618389813,
      "harmonic2_subspace_max_angle_deg": 75.08726983632111,
      "harmonic2_procrustes_rel_error": 14.998661314309778,
      "wedge_rel_error": 1.0,
      "form2_spectrum_rel_error": 0.4055600488902597,
      "circular_modes": [
        {
          "name": "theta_0",
          "orientation": "conjugate",
          "complex_correlation": 0.7047701126167231,
          "wrapped_error_mean_rad": 0.7048977146310328,
          "wrapped_error_p95_rad": 1.565188159166347,
          "wrapped_error_max_rad": 1.8201593702573533,
          "phase_shift_rad": -0.4002324624603491
        },
        {
          "name": "theta_1",
          "orientation": "direct",
          "complex_correlation": 0.9600796068043859,
          "wrapped_error_mean_rad": 0.2417236546070069,
          "wrapped_error_p95_rad": 0.5024606191329825,
          "wrapped_error_max_rad": 0.7340560464309305,
          "phase_shift_rad": 1.2163478994354322
        }
      ],
      "circular_complex_correlation_min": 0.7047701126167231,
      "circular_complex_correlation_mean": 0.8324248597105545,
      "circular_wrapped_p95_rad_max": 1.565188159166347
    },
    "sphere": {
      "warnings": [],
      "harmonic1_subspace_max_angle_deg": 1.1565161294695208,
      "harmonic1_procrustes_rel_error": 0.02019738645317615,
      "harmonic2_subspace_max_angle_deg": 45.527134008382504,
      "harmonic2_procrustes_rel_error": 1.6978508709320976,
      "wedge_rel_error": 1.0,
      "form2_spectrum_rel_error": 0.4463347893347751,
      "circular_modes": [
        {
          "name": "theta_0",
          "orientation": "direct",
          "complex_correlation": 0.054083560762643444,
          "wrapped_error_mean_rad": 1.5141116564489725,
          "wrapped_error_p95_rad": 3.0952618238612803,
          "wrapped_error_max_rad": 3.1396901351283524,
          "phase_shift_rad": -0.12380210241862927
        },
        {
          "name": "theta_1",
          "orientation": "direct",
          "complex_correlation": 0.08522790593342008,
          "wrapped_error_mean_rad": 1.4531678651909679,
          "wrapped_error_p95_rad": 2.910939921431671,
          "wrapped_error_max_rad": 3.1402062603332546,
          "phase_shift_rad": -2.978751763556015
        }
      ],
      "circular_complex_correlation_min": 0.054083560762643444,
      "circular_complex_correlation_mean": 0.06965573334803177,
      "circular_wrapped_p95_rad_max": 3.0952618238612803
    }
  },
  "summary": {
    "harmonic1_subspace_max_angle_deg": 1.655829345723461,
    "harmonic1_procrustes_rel_error": 0.02893229618389813,
    "harmonic2_subspace_max_angle_deg": 75.08726983632111,
    "harmonic2_procrustes_rel_error": 14.998661314309778,
    "wedge_rel_error": 1.0,
    "form2_spectrum_rel_error": 0.4463347893347751,
    "circular_complex_correlation_min": 0.054083560762643444,
    "circular_wrapped_p95_rad_max": 3.0952618238612803,
    "composite_score": 2.625602649717184
  },
  "warnings": [],
  "gates": {
    "final_pass": false,
    "commit_gate_pass": true,
    "commit_gate_details": "no previous baseline provided",
    "improvement_vs_previous": null
  }
}